<?xml version="1.0" encoding="UTF-8"?>
<project-private xmlns="http://www.netbeans.org/ns/project-private/1">
    <editor-bookmarks xmlns="http://www.netbeans.org/ns/editor-bookmarks/2" lastBookmarkId="0"/>
    <open-files xmlns="http://www.netbeans.org/ns/projectui-open-files/2">
        <group>
            <file>file:/C:/Users/usuario/Downloads/fibopotdivnodiv/src/fibo_iteracion/Fibo_ite.java</file>
            <file>file:/C:/Users/usuario/Downloads/fibopotdivnodiv/src/dividir_recursivo/Div_rec.java</file>
            <file>file:/C:/Users/usuario/Downloads/fibopotdivnodiv/src/potencia_recursiva/Pot_rec.java</file>
            <file>file:/C:/Users/usuario/Downloads/fibopotdivnodiv/src/dividir_iteracion/Div_ite.java</file>
            <file>file:/C:/Users/usuario/Downloads/fibopotdivnodiv/src/fibo_recursiva/Fibo_rec.java</file>
            <file>file:/C:/Users/usuario/Downloads/fibopotdivnodiv/src/potencia_iterada/Pot_ite.java</file>
        </group>
    </open-files>
</project-private>
